{"cameraMode":{"drawMode":0,"name":"Shaded","section":"Shading Mode"},"sceneLighting":false,"audioPlay":false,"sceneViewState":{"m_AlwaysRefresh":false,"showFog":true,"showSkybox":false,"showFlares":true,"showImageEffects":true,"showParticleSystems":true,"showVisualEffectGraphs":true,"m_FxEnabled":true},"in2DMode":false,"pivot":{"x":0.003496497869491577,"y":0.14973251521587373,"z":-0.007165998220443726},"rotation":{"x":-0.13809168338775636,"y":0.6992537975311279,"z":-0.1405176967382431,"w":-0.6871952414512634},"size":0.36974868178367617,"orthographic":false}