{"cameraMode":{"drawMode":0,"name":"Shaded","section":"Shading Mode"},"sceneLighting":false,"audioPlay":false,"sceneViewState":{"m_AlwaysRefresh":false,"showFog":true,"showSkybox":false,"showFlares":true,"showImageEffects":true,"showParticleSystems":true,"showVisualEffectGraphs":true,"m_FxEnabled":true},"in2DMode":false,"pivot":{"x":-0.8999999761581421,"y":1.2289999723434449,"z":-18.170000076293947},"rotation":{"x":-0.22195619344711305,"y":0.0017900397069752217,"z":-0.0004624446155503392,"w":-0.9751054644584656},"size":0.8660253882408142,"orthographic":false}