{"cameraMode":{"drawMode":0,"name":"Shaded","section":"Shading Mode"},"sceneLighting":false,"audioPlay":false,"sceneViewState":{"m_AlwaysRefresh":false,"showFog":true,"showSkybox":false,"showFlares":true,"showImageEffects":true,"showParticleSystems":true,"showVisualEffectGraphs":true,"m_FxEnabled":true},"in2DMode":false,"pivot":{"x":-2.266920804977417,"y":1.3238282203674317,"z":-17.003358840942384},"rotation":{"x":-0.04664945602416992,"y":0.9357129335403442,"z":-0.32239779829978945,"w":-0.13539625704288484},"size":1.0322803258895875,"orthographic":false}