{"cameraMode":{"drawMode":0,"name":"Shaded","section":"Shading Mode"},"sceneLighting":true,"audioPlay":false,"sceneViewState":{"m_AlwaysRefresh":true,"showFog":true,"showSkybox":true,"showFlares":true,"showImageEffects":true,"showParticleSystems":true,"showVisualEffectGraphs":true,"m_FxEnabled":true},"in2DMode":false,"pivot":{"x":105.35540008544922,"y":146.9476776123047,"z":43.12080764770508},"rotation":{"x":-0.09995777159929276,"y":-0.11554992198944092,"z":0.01169124897569418,"w":-0.9881927967071533},"size":5.663101673126221,"orthographic":false}