{"cameraMode":{"drawMode":0,"name":"Shaded","section":"Shading Mode"},"sceneLighting":true,"audioPlay":false,"sceneViewState":{"m_AlwaysRefresh":true,"showFog":true,"showSkybox":true,"showFlares":true,"showImageEffects":true,"showParticleSystems":true,"showVisualEffectGraphs":true,"m_FxEnabled":true},"in2DMode":false,"pivot":{"x":106.24173736572266,"y":140.00949096679688,"z":86.40217590332031},"rotation":{"x":0.09910346567630768,"y":0.03233920782804489,"z":-0.0036038688849657776,"w":0.9947468638420105},"size":11.92626667022705,"orthographic":false}