{"cameraMode":{"drawMode":0,"name":"Shaded","section":"Shading Mode"},"sceneLighting":true,"audioPlay":false,"sceneViewState":{"m_AlwaysRefresh":false,"showFog":true,"showSkybox":true,"showFlares":true,"showImageEffects":true,"showParticleSystems":true,"showVisualEffectGraphs":true,"m_FxEnabled":true},"in2DMode":false,"pivot":{"x":-0.7504032850265503,"y":-2.271984100341797,"z":-13.786378860473633},"rotation":{"x":-0.0019536034669727089,"y":0.9624549150466919,"z":-0.2713583707809448,"w":-0.006927688606083393},"size":7.745077133178711,"orthographic":false}