{"cameraMode":{"drawMode":0,"name":"Shaded","section":"Shading Mode"},"sceneLighting":false,"audioPlay":false,"sceneViewState":{"m_AlwaysRefresh":true,"showFog":true,"showSkybox":false,"showFlares":true,"showImageEffects":true,"showParticleSystems":true,"showVisualEffectGraphs":true,"m_FxEnabled":true},"in2DMode":false,"pivot":{"x":50.886722564697269,"y":183.63551330566407,"z":233.44863891601563},"rotation":{"x":0.14048418402671815,"y":-0.8042248487472534,"z":0.20989206433296204,"w":0.5381410121917725},"size":2.144619941711426,"orthographic":false}